GeneID	PPDE	FC
ECs0002	0.9822053921637849960291077877627685666084290	-2.1800027667
ECs0003	0.9908348385864019780555622674000915139913559	-2.0575813912
ECs0004	0.9897386447652930518970038065162952989339828	-1.8313100358
ECs0005	0.9725233897843730268562012497568503022193909	-0.9581591479
ECs0026	0.9990550383225600405978639173554256558418274	 0.8913326696
ECs0035	0.9969048362363089887949740841577295213937759	-3.6588066141
ECs0036	0.9981889981821819857188415880955290049314499	-3.7587658368
ECs0037	0.9990369172787959550774417039065156131982803	-2.1308366926
ECs0049	0.9825539486280899792447485197044443339109421	-1.2954269529
ECs0050	0.9727586969680189765696809445216786116361618	-0.6956072064
ECs0051	0.9983421735921460538065730361267924308776855	 0.9364009933
ECs0052	0.9853856922150520114556115913728717714548111	 0.6709507508
ECs0053	0.9889296119696100451079701088019646704196930	 0.6936304358
ECs0057	0.9852983727705360017523616988910362124443054	 0.5863600713
ECs0062	0.9943556473255980021619393482978921383619308	 1.0886257551
ECs0063	0.9991470053347200064308708533644676208496094	 1.1041495003
ECs0068	0.9862810111957289738171539283939637243747711	-0.7863124231
ECs0073	0.9749536936465039715926650387700647115707397	 0.6378445528
ECs0076	0.9737057007279420473011555259290616959333420	-1.0722351475
ECs0077	0.9844201130358030127354140859097242355346680	-1.2295014341
ECs0078	0.9715919240533720246943971687869634479284286	-1.1915638550
ECs0081	0.9794079687697839764481955171504523605108261	-0.9743526108
ECs0082	0.9700460473044260067965183225169312208890915	-0.5884903122
ECs0086	0.9704944660284280377737786693614907562732697	 0.5918121433
ECs0090	0.9958744026006559613151125631702598184347153	 0.7481908158
ECs0092	0.9723720761353940034155129978898912668228149	 0.5649948993
ECs0093	0.9949362198724629458013168914476409554481506	 0.7219154144
ECs0095	0.9847096011082170363692966930102556943893433	 0.6852959460
ECs0096	0.9795168011190039658586670157092157751321793	 0.5870545683
ECs0116	0.9946032843575980386674473265884444117546082	-1.2260705898
ECs0117	0.9996164575744329594542136874224524945020676	 1.1121306429
ECs0118	0.9997360803795699579765710041101556271314621	 1.2159459513
ECs0119	0.9995018516517509832297605498752091079950333	 1.1183812934
ECs0127	0.9958350417072719951150361339387018233537674	-1.2925447505
ECs0128	0.9998703161129599559231451166851911693811417	 1.7011323042
ECs0133	0.9771679158287970290430735076370183378458023	 0.5361928376
ECs0150	0.9876941163166630399672385465237312018871307	-1.4177196306
ECs0156	0.9880463223695440388993915803439449518918991	 0.5938521264
ECs0161	0.9864354784736000247846732236212119460105896	 0.6292706919
ECs0167	0.9712658240434189904632944490003865212202072	-1.0127749084
ECs0171	0.9726924483904469953543525662098545581102371	 0.4759918859
ECs0175	0.9993390679915820085099653624638449400663376	 1.0807204711
ECs0176	0.9976636236350550079876597919792402535676956	 0.8560733511
ECs0177	0.9927696708576909667698373596067540347576141	 0.8075483024
ECs0178	0.9908850689319960158840672193036880344152451	 0.6307436528
ECs0179	0.9936196586161489818778136395849287509918213	 0.7204923335
ECs0181	0.9989567571074069451952937015448696911334991	 1.0105472977
ECs0185	0.9978536089457400448665680414706002920866013	 0.8695456305
ECs0199	0.9881812623509860227244416819303296506404877	-1.7945155349
ECs0200	0.9897913567482720109680371933791320770978928	-1.3073202294
ECs0201	0.9808790018317069536735175461217295378446579	-1.4140929940
ECs0203	0.9998879430566589565643198511679656803607941	 1.7815070527
ECs0244	0.9902212845704270183233575153280980885028839	 0.5981992540
ECs0247	0.9950983532391329822175407571194227784872055	-1.4381988224
ECs0304	0.9921547434344689664342809010122437030076981	 0.8872245799
ECs0313	0.9814511655566789949389772118593100458383560	-0.9419672199
ECs0314	0.9970924755982639720031102115171961486339569	-1.3492256248
ECs0315	0.9991037668092800361208105641708243638277054	-2.3736058449
ECs0316	0.9991625811014830382816853671101853251457214	-1.9370735673
ECs0317	0.9997700788066630206429863392258994281291962	 1.6514591673
ECs0358	0.9909333603362420195281856649671681225299835	 0.7428615592
ECs0359	0.9984326395129049513954555550299119204282761	 0.9611787182
ECs0379	0.9918976845620269822134673631808254867792130	-1.3175291044
ECs0383	0.9947803394532029885866108998015988618135452	-2.2802138064
ECs0389	0.9979246765840810162728757859440520405769348	-3.1435836533
ECs0390	0.9882805658681480531768670516612473875284195	-2.4074568092
ECs0395	0.9984931912154969557704475846549030393362045	-1.7155194795
ECs0396	0.9989383477847649794867379569041077047586441	-3.2202445103
ECs0397	0.9979770068717079833930938548292033374309540	-4.1085952649
ECs0399	0.9737133262503580022340088362398091703653336	-0.8513511704
ECs0400	0.9744158624762350173753588933323044329881668	-0.9212369139
ECs0401	0.9874313551051210335884888991131447255611420	-0.9078583323
ECs0411	0.9887997550847420491493267036275938153266907	-1.0416078009
ECs0418	0.9945033343561570093882551191200036555528641	-1.6324197406
ECs0419	0.9875907856332339918026264058426022529602051	-2.2127787243
ECs0421	0.9918131076829369563441218815569300204515457	-1.5017847228
ECs0422	0.9942779225405640186608025032910518348217010	-2.6784173040
ECs0429	0.9900527231109159664868002437287941575050354	-1.0519032907
ECs0432	0.9878451856453369650523654854623600840568542	-0.9539344968
ECs0434	0.9957267728955729868545176941552199423313141	-1.6602214506
ECs0440	0.9968475690990470372554455025237984955310822	-1.4251144944
ECs0441	0.9944738934960469789459125422581564635038376	-1.1927026374
ECs0446	0.9733652750653679630588044346950482577085495	 0.5940886998
ECs0451	0.9979582132289209761566439738089684396982193	 0.9473198419
ECs0452	0.9998612051356789987011097764479927718639374	 1.3338672661
ECs0459	0.9891618190279679589949068940768484026193619	 0.7076267013
ECs0468	0.9926341594147489733046541005023755133152008	 0.6645060590
ECs0470	0.9981076503972069469128314267436508089303970	 0.9405708435
ECs0471	0.9918134151863999825593509740428999066352844	 0.7255536628
ECs0473	0.9885025596811399806185249872214626520872116	-1.8593568054
ECs0477	0.9967746637793279962380665892851538956165314	 0.8503200535
ECs0482	0.9990176506092439678852201723202597349882126	 1.0432906679
ECs0483	0.9997202981219850403959981122170574963092804	 1.3157599311
ECs0484	0.9998743739682689479764121642801910638809204	 1.5106008630
ECs0485	0.9997628981270330061903450769023038446903229	 1.1897896736
ECs0486	0.9985519832901720294060510241251904517412186	 1.0592012529
ECs0487	0.9983668342912159765489832352614030241966248	 0.8973450780
ECs0489	0.9926255126100169690062102745287120342254639	-1.9772329439
ECs0490	0.9994704949569760410454932753054890781641006	 0.9755549848
ECs0492	0.9795397554016419539024695950502064079046249	 0.5846522369
ECs0496	0.9924957165748909959646084644191432744264603	 0.7682633542
ECs0501	0.9955608851331040343168865547340828925371170	 0.8373601337
ECs0502	0.9941586601391270150429591012652963399887085	 0.8825287768
ECs0503	0.9818875191341740471528964917524717748165131	 0.7280795810
ECs0518	0.9760995187598450195665122919308487325906754	 0.5987858041
ECs0526	0.9890548071312980082936405779037158936262131	-1.3898142297
ECs0530	0.9988242411247310048594272302580066025257111	 1.3729481192
ECs0531	0.9743568797915339585458127658057492226362228	-1.0111324053
ECs0537	0.9937201149059520233208786521572619676589966	-0.9848028787
ECs0538	0.9938242451284089451490899591590277850627899	-2.8392198995
ECs0539	0.9945774914684709644419058349740225821733475	-2.1280319021
ECs0540	0.9989303860626680409140476513130124658346176	-2.5730568925
ECs0541	0.9984706410066880311049430929415393620729446	-2.7646959025
ECs0575	0.9947525730921960018804384162649512290954590	-1.7330328061
ECs0576	0.9887906743042339519078609555435832589864731	-1.3144017233
ECs0579	0.9993058418610709647822432089014910161495209	 0.9730865466
ECs0584	0.9950608829810100308677078828623052686452866	-2.3688424953
ECs0585	0.9972575809173910288407682855904567986726761	-2.2163225287
ECs0599	0.9988410991680509720680447571794502437114716	 1.0046879733
ECs0600	0.9998490451743009543861262500286102294921875	 1.8758481063
ECs0601	0.9999383181576410040136693169188220053911209	 2.3046069190
ECs0608	0.9792848791012249698439973144559189677238464	-0.7677537439
ECs0610	0.9959142632217730106702902048709802329540253	-1.3516971642
ECs0611	0.9988964776790040245302293442364316433668137	-1.5911318560
ECs0612	0.9962455526580049625096080490038730204105377	-3.8505347881
ECs0613	0.9946234053123319540645752567797899246215820	-1.5084158668
ECs0614	0.9950130556044419760652885997842531651258469	 0.7372645471
ECs0619	0.9833156161702969466631429895642213523387909	-1.2294394108
ECs0637	0.9977709462006689733470921055413782596588135	-1.8295869116
ECs0638	0.9947590406121900041824801519396714866161346	-1.4027330875
ECs0639	0.9950926353167910409780461122863925993442535	-2.5861139026
ECs0648	0.9752184058856520065816653186629991978406906	-0.7781403934
ECs0672	0.9728960932871819622391740267630666494369507	 0.6572309885
ECs0673	0.9917632027755830526061231466883327811956406	 0.6987261765
ECs0674	0.9993199673531080184929464849119540303945541	 0.9183030942
ECs0675	0.9954244762602559859487882931716740131378174	 0.8890584804
ECs0681	0.9978400257804509454473418372799642384052277	-1.8911329759
ECs0691	0.9836535630400280449947558736312203109264374	-1.0126670730
ECs0692	0.9813786542537570323219142665038816630840302	-0.7445757838
ECs0693	0.9769685170877500102193380371318198740482330	-1.3772447648
ECs0694	0.9970050434242819781260891431884374469518661	-1.8367091249
ECs0695	0.9995623991884819981024179469386581331491470	 0.9950984093
ECs0696	0.9940798149025299457193227681273128837347031	 0.8167730038
ECs0699	0.9889364297089330291257169847085606306791306	 0.6674269964
ECs0704	0.9871255018622580035270175358164124190807343	-1.8313752118
ECs0716	0.9949264422910819583023567247437313199043274	 0.8541039365
ECs0718	0.9765245417577219644300612344522960484027863	 0.5024907322
ECs0732	0.9958335692923080406657732055464293807744980	-1.9817759611
ECs0733	0.9862584836711020264132798729406204074621201	-1.0336930806
ECs0745	0.9955730102752780030783696929574944078922272	-2.1461373820
ECs0747	0.9985747007803199570830088305228855460882187	-2.7804150397
ECs0748	0.9974847982584900130120786343468353152275085	-2.6472219601
ECs0749	0.9990252409151899604111690678109880536794662	-2.3331459813
ECs0750	0.9993527132825099634771959244972094893455505	-2.4864338673
ECs0751	0.9979802915231850146682290869648568332195282	-2.5252715881
ECs0752	0.9960570744998770154055023340333718806505203	-2.5370520146
ECs0753	0.9990262581310249689892089008935727179050446	-2.4696373250
ECs0754	0.9960203695554069591722168297565076500177383	-2.1951105513
ECs0768	0.9788371884957299817742182312940713018178940	 1.1026849430
ECs0771	0.9988873702014550159944406004797201603651047	 0.8779958385
ECs0773	0.9962868813081959817878896501497365534305573	 0.8766130819
ECs0778	0.9982130857449630356725833735254127532243729	-2.2617451180
ECs0779	0.9983568042784809470902018802007660269737244	-1.8181349846
ECs0781	0.9979300281355419910411796990956645458936691	-2.4196983683
ECs0784	0.9770525185420709801675798189535271376371384	-0.5841924771
ECs0785	0.9773617445710800488711811340181156992912292	-0.9118951204
ECs0795	0.9991049045790629801189197678468190133571625	-2.1578139378
ECs0800	0.9861529345202160179439943021861836314201355	 0.6570823705
ECs0814	0.9735010366465000064550849856459535658359528	 0.5024639236
ECs0818	0.9765713134687029617353459798323456197977066	 0.5343074213
ECs0819	0.9865991687310899926899310230510309338569641	 0.6827054933
ECs0849	0.9784671797004520499285717960447072982788086	 0.5537529882
ECs0851	0.9874139530800279951350262308551464229822159	-1.2754912196
ECs0853	0.9957319017656469650745520993950776755809784	-4.3848331851
ECs0854	0.9972628584100410309432049871247727423906326	-3.5471971453
ECs0855	0.9973502439191009871777282569382805377244949	-2.6462474114
ECs0856	0.9989397912168279658473579729616176337003708	-1.7321921089
ECs0859	0.9757547188734390086750636328360997140407562	-0.8015207103
ECs0860	0.9925063921857499860124107726733200252056122	-1.1488080434
ECs0861	0.9837506850000270475220531807281076908111572	-1.2758163919
ECs0863	0.9892668403394060394617781639681197702884674	-1.3163006498
ECs0866	0.9913314803854339496425041033944580703973770	-1.7731530958
ECs0867	0.9977118833568120459531769483874086290597916	-1.8704517378
ECs0868	0.9975743380134080018351028229517396539449692	-2.3205550285
ECs0869	0.9878464659183709972722908787545748054981232	-0.9731053333
ECs0870	0.9705267264713699493228205028572119772434235	-0.6748937403
ECs0872	0.9987269563342819900242375297239050269126892	-1.7120038292
ECs0873	0.9968624862752939463916845852509140968322754	-2.7767467324
ECs0874	0.9971136355784180338446276437025517225265503	-2.4288775160
ECs0875	0.9912890773657480059100066682731267064809799	 0.9594377347
ECs0876	0.9841303725771890498208449571393430233001709	 0.5893778177
ECs0886	0.9721110352213989669323268572043161839246750	-0.9154964507
ECs0890	0.9911470045615929924665010730677749961614609	-1.7696956825
ECs0896	0.9940210043603290301916786120273172855377197	 0.8283495547
ECs0908	0.9967356220645210429509575078554917126893997	-1.4675380132
ECs0909	0.9852288858657229919657538630417548120021820	-1.9741632835
ECs0910	0.9940960475250100181199286453193053603172302	-1.3404227488
ECs0911	0.9939306304338899611394708699663169682025909	-1.2696267745
ECs0915	0.9990791260731679557238749112002551555633545	 1.0441716709
ECs0916	0.9961242133892499461822467310412321239709854	-1.9867306202
ECs0917	0.9961374964276999977030868649308104068040848	-2.4194333022
ECs0919	0.9878990650002900109072356826800387352705002	-1.0873194495
ECs0922	0.9993392290931070176540629290684591978788376	 1.2553322487
ECs0926	0.9790636795831380023713563787168823182582855	-0.8728008345
ECs0927	0.9964772521590820053560833002848085016012192	 0.8540171668
ECs0934	0.9842891960306859866491890898032579571008682	-1.3855662941
ECs0935	0.9748909784112039789150117030658293515443802	-1.0218474957
ECs0938	0.9713769877706890376600767922354862093925476	-0.8589286815
ECs0939	0.9926721895643539905762509079067967832088470	 0.6947938464
ECs0943	0.9891437268000370375276020240562502294778824	-3.9030809119
ECs0944	0.9949102713293379585124398545303847640752792	-1.5076342330
ECs0945	0.9980356449061690282675840535375755280256271	-1.7407461143
ECs0946	0.9943238580748100519102194994047749787569046	-2.0225259701
ECs0947	0.9927748918799690347469777407241053879261017	-1.8814553909
ECs0948	0.9876573116060399781801493190869223326444626	-1.3159149168
ECs0957	0.9981763598591399944126578702707774937152863	-2.7077828581
ECs0961	0.9780129757483390084971119904366787523031235	-0.9220192180
ECs0966	0.9972492860689029514631442907557357102632523	-1.9931117505
ECs0972	0.9921998592896259516749069007346406579017639	 0.6751254757
ECs0982	0.9945391762577110439380589923530351370573044	-3.0702722250
ECs0983	0.9999131643594729723645286867395043373107910	 2.2229077036
ECs0984	0.9825793822593750226346287490741815418004990	 0.5960560564
ECs0988	0.9895713631104240404212646353698801249265671	 0.7123046972
ECs0989	0.9772916316605050335297732999606523662805557	-0.7392396914
ECs0990	0.9964771634000959554811061025247909128665924	-1.4436666879
ECs0993	0.9787150732970749666961296497902367264032364	 0.4985651505
ECs0994	0.9730811631735130085019136458868160843849182	 0.5524630708
ECs0996	0.9750351863462469736987259238958358764648438	 0.5771344841
ECs0997	0.9967970015369970182561587535019498318433762	 1.0032647138
ECs0998	0.9732688785240789508534930973837617784738541	 0.5838173974
ECs1011	0.9881128444871020155559904196707066148519516	-1.0862297078
ECs1012	0.9973813561672949523639886137971188873052597	-1.6015521604
ECs1016	0.9951953949041779656781159246747847646474838	-1.1617274412
ECs1018	0.9944113335565260003434673308220226317644119	-1.1409294243
ECs1019	0.9879771412669330343803153482440393418073654	-1.1044514542
ECs1020	0.9958089787807650195006203830416779965162277	-1.1092885467
ECs1029	0.9785247364439799699908917318680323660373688	-1.0761431458
ECs1032	0.9928908121654399510092048330989200621843338	 0.7946629852
ECs1037	0.9987579727531800122264371566416230052709579	-1.7931952942
ECs1049	0.9793455322600489454387684418179560452699661	-0.8273937309
ECs1051	0.9989547721766309784641180158359929919242859	 1.0932043747
ECs1127	0.9955763025698639578919824089098256081342697	 1.0742322767
ECs1128	0.9845278630984289902627892843156587332487106	-0.7802610533
ECs1138	0.9994235842406059555642627856286708265542984	 1.2403741804
ECs1139	0.9990779982453570351452754039200954139232635	 1.2363356095
ECs1141	0.9968085365754300042340219079051166772842407	 1.1306947865
ECs1142	0.9952079751439399935009078035363927483558655	 0.9894438312
ECs1144	0.9989057936109400070989750020089559257030487	 2.0985998174
ECs1145	0.9997760774380269888084171725495252758264542	 2.1190351469
ECs1146	0.9943974206979959706842464584042318165302277	 1.3261904371
ECs1154	0.9970677426466689752260208479128777980804443	-1.6866275511
ECs1155	0.9873302881898069482957680520485155284404755	-2.2466272664
ECs1158	0.9976789107138299694810257278732024133205414	-1.5670614959
ECs1159	0.9876115802398329757139094908779952675104141	-1.3910072205
ECs1160	0.9887394720162739902846738004882354289293289	-1.4732662288
ECs1237	0.9974750081616839958442710667441133409738541	 0.9872976440
ECs1251	0.9915645266985649852742312759801279753446579	 0.6080092593
ECs1258	0.9803664309827749834269638995465356856584549	-0.8363849074
ECs1266	0.9971937239891399684665884706191718578338623	-1.1152409399
ECs1271	0.9707182389506550101998527679825201630592346	 0.5194177697
ECs1273	0.9901388117209619643688256473978981375694275	-0.9926935702
ECs1277	0.9955384296274549793537289588130079209804535	-1.0119505798
ECs1298	0.9761515863592049591090926696779206395149231	 0.5295911755
ECs1321	0.9879151662100820185941074669244699180126190	 0.6401042711
ECs1335	0.9973295507735600029519673626055009663105011	 0.9229475612
ECs1348	0.9734958272728619910196812270442023873329163	 0.6703590586
ECs1349	0.9786522334689550239872346537595149129629135	 0.6379221613
ECs1350	0.9961272336605500044015570892952382564544678	 0.7322051256
ECs1375	0.9948511848623849962436338500992860645055771	 0.6962962060
ECs1376	0.9998574376568160060330114902171771973371506	 1.4662944636
ECs1377	0.9935814397713480516927120334003120660781860	 0.7659880259
ECs1379	0.9771572675181090517071424983441829681396484	 0.4984693308
ECs1389	0.9924883009535799827105506665247958153486252	 0.8127701431
ECs1413	0.9885313708460480297546268957376014441251755	 0.7109109666
ECs1422	0.9994911709324210136173860519193112850189209	 1.2412358190
ECs1429	0.9957934336963659704977658293501008301973343	-2.8899618157
ECs1434	0.9874167269235250010694926459109410643577576	-1.7609302257
ECs1435	0.9888941530260679790842459624400362372398376	-1.2757221754
ECs1440	0.9946395279642920028706498669635038822889328	-1.6630042051
ECs1442	0.9940259718320989534845466550905257463455200	-1.5228956797
ECs1443	0.9780762588538970403462258218496572226285934	 0.6597275946
ECs1447	0.9900911864508730175771233916748315095901489	 0.6513322562
ECs1462	0.9848583482726499527259989008598495274782181	 0.6243075775
ECs1464	0.9863369108423220010806176105688791722059250	 0.9174124157
ECs1465	0.9969693548859279719209780523669905960559845	-1.1873380354
ECs1466	0.9935512771686370037116375897312536835670471	 0.6955945123
ECs1468	0.9811553306921869666012980815139599144458771	 0.5854669107
ECs1473	0.9970169612118620072749308747006580233573914	 0.8815928116
ECs1476	0.9713100781882240131182015829836018383502960	 0.5310160804
ECs1479	0.9936726766622619999580479088763240724802017	 0.8601683635
ECs1487	0.9977337761209109645577086666889954358339310	 1.3135386839
ECs1490	0.9988484898655589638849505718098953366279602	 1.0964711366
ECs1491	0.9976934293575939749487702101760078221559525	-2.7465347602
ECs1494	0.9941054665263540091046934321639128029346466	 0.7857391246
ECs1495	0.9938894558991490102428656427946407347917557	 0.8002010321
ECs1506	0.9944212170651639537410915181681048125028610	 0.8220715756
ECs1561	0.9763512370160329911783492207177914679050446	 0.5926059513
ECs1569	0.9983494729912999465781808794417884200811386	 0.9010418133
ECs1573	0.9781684373696899470473908877465873956680298	-0.7629892123
ECs1603	0.9823820633101360000338786448992323130369186	-1.2003889293
ECs1608	0.9895201708711790500316851648676674813032150	-1.0533409882
ECs1653	0.9835153140456469600394484587013721466064453	-2.8982912375
ECs1654	0.9818404962752249609536647767527028918266296	-3.5846976412
ECs1655	0.9921647657866949909788445438607595860958099	-3.0451626151
ECs1681	0.9906982631309879661074546675081364810466766	 0.7567929365
ECs1683	0.9968482964849959548914171136857476085424423	-3.1540914672
ECs1692	0.9981808315803100128960068104788661003112793	-1.6694206170
ECs1707	0.9918950376629910303805104376806411892175674	 0.9416306635
ECs1709	0.9919572399886219526976560700859408825635910	 0.6395575729
ECs1710	0.9921173770246399792327451905293855816125870	-1.1679983965
ECs1711	0.9999040554464340146978429402224719524383545	 1.6230109891
ECs1712	0.9909406095570549855011677209404297173023224	 0.7007665352
ECs1715	0.9899237689380240290404344705166295170783997	 0.7253740209
ECs1717	0.9991489202468569752468852129823062568902969	 1.0154285506
ECs1719	0.9791810022593300244508895957551430910825729	 0.5621222137
ECs1722	0.9916278594339179575101184127561282366514206	-1.9861276379
ECs1741	0.9743160685483589489308542397338896989822388	-0.9082959952
ECs1742	0.9910328878186900336544340461841784417629242	 0.7200151257
ECs1746	0.9707410099883999610170803862274624407291412	 0.5110322674
ECs1748	0.9742249561282420033947460069612134248018265	 0.5280561482
ECs1751	0.9712916123283450442471576025127433240413666	-0.7760468475
ECs1753	0.9986188408027959484414282087527681142091751	 0.9227967891
ECs1754	0.9980788804625849719442953755788039416074753	 0.8275682090
ECs1765	0.9893172209809050210438385875022504478693008	 0.7813694959
ECs1775	0.9988573204093570412354097243223804980516434	 0.9173690713
ECs1814	0.9763353866449909768121528941264841705560684	-0.9260703646
ECs1830	0.9716708943136339593493744359875563532114029	-3.7066065812
ECs1831	0.9739589607893319733733505927375517785549164	-2.9887465230
ECs1833	0.9897345073683360139327191973279695957899094	-1.3301393239
ECs1834	0.9880172978510199932600244210334494709968567	-1.2577234841
ECs1835	0.9977905230283530269019820480025373399257660	-1.9282954547
ECs1836	0.9949988322754620417853743674641009420156479	-2.0498764519
ECs1841	0.9927501011581859602372901463240850716829300	 0.8433844045
ECs1860	0.9943544656089590150216395159077364951372147	-1.8110445294
ECs1875	0.9710401052056050197336389828706160187721252	-3.3817066715
ECs1876	0.9723000816804370227686149519286118447780609	-1.4543261227
ECs1878	0.9719507903368620471695749074569903314113617	-2.0065108294
ECs1879	0.9754224239342239588523852944490499794483185	-2.7637300612
ECs1920	0.9878951301994950418006169456930365413427353	-1.4106213874
ECs1921	0.9932952151301940313388172398845199495553970	-3.1120614684
ECs1922	0.9933376978695109826844600320328027009963989	-3.2454879374
ECs1925	0.9847429242927240311544778705865610390901566	-1.7474163694
ECs1953	0.9835063228775670074455206304264720529317856	 0.8842213259
ECs1997	0.9994365234279389831328899163054302334785461	-2.8710268081
ECs2006	0.9915459229678990071832345165603328496217728	 0.7819503539
ECs2007	0.9792490383804469677997417420556303113698959	 0.5702708558
ECs2008	0.9939963808058629446406939678126946091651917	-2.0347664769
ECs2020	0.9730478751880570209564780270738992840051651	-0.6654711193
ECs2021	0.9987023507941570343859893910121172666549683	-1.3721930699
ECs2022	0.9946763440294289493337487328972201794385910	-2.2419360225
ECs2027	0.9852227510748630123771363287232816219329834	-1.0129887819
ECs2028	0.9946027052562610437647094840940553694963455	-1.7512125158
ECs2033	0.9904087278590499865416063585144001990556717	-1.1883856917
ECs2038	0.9974710973654350443240446111303754150867462	-1.5114111122
ECs2044	0.9945743240152250530528021954523865133523941	-1.6681789511
ECs2045	0.9945305337448619997786636304226703941822052	-1.2599486282
ECs2046	0.9903896237937119817473785587935708463191986	-1.4190333024
ECs2047	0.9915951579709380014904240852047223597764969	-1.1636030598
ECs2048	0.9951529997404939820171421160921454429626465	-2.4583585052
ECs2053	0.9839028819713909745914293125679250806570053	-0.8291609546
ECs2054	0.9961082593628549641806557701784186065196991	-2.0920972325
ECs2055	0.9725626771097339862137687305221334099769592	 0.5748165773
ECs2064	0.9843434998781760425501374811574351042509079	-0.7246801476
ECs2065	0.9919945567621339943542579931090585887432098	-1.3953502674
ECs2069	0.9947936223830430302328409197798464447259903	-1.7224310173
ECs2070	0.9921701404465329554582808668783400207757950	-1.4244458755
ECs2071	0.9981187486974110179005492682335898280143738	-2.2733255610
ECs2072	0.9839654173695829841861382192291785031557083	-0.9622918735
ECs2081	0.9802018202576949779114556804415769875049591	-0.8683981169
ECs2082	0.9983436149141790005856478273926768451929092	-1.9299774041
ECs2085	0.9965575867727539671747649663302581757307053	-2.8504418713
ECs2086	0.9985575099478479765835459147638175636529922	-2.5859480641
ECs2091	0.9959306332573010234199273327249102294445038	-1.2793837523
ECs2092	0.9991860412860049667216344460030086338520050	-2.3693413274
ECs2095	0.9977087780428810503963177325204014778137207	-1.7114737133
ECs2096	0.9867081131865139687064925055892672389745712	-1.3661237875
ECs2097	0.9964559521735529834529643267160281538963318	-2.6754425338
ECs2098	0.9991431551577369951644413959002122282981873	-3.0591992893
ECs2118	0.9905737931963429776516250058193691074848175	-0.9218588069
ECs2119	0.9987638058792870365820704137149732559919357	-2.1068159232
ECs2120	0.9918293411195949760283951945893932133913040	-2.8639428750
ECs2121	0.9990903770519630189284043808584101498126984	-1.5656840643
ECs2122	0.9986580587181650425776524571119807660579681	-1.9950241999
ECs2123	0.9975944382265230503392672289919573813676834	-2.8503473727
ECs2124	0.9978671927478850456338932417565956711769104	-2.1822539034
ECs2125	0.9995414806322430179008620143576990813016891	-2.0534385969
ECs2126	0.9966280786442509587175209162523970007896423	-1.6165111792
ECs2127	0.9792090283618289925371414028631988912820816	 0.6052077293
ECs2131	0.9950151180029399577975368629267904907464981	 0.9396944434
ECs2135	0.9995972620165080035903315547329839318990707	 1.4893060795
ECs2143	0.9922552728694280510524095006985589861869812	-1.0419690422
ECs2144	0.9760595401696320339013368538871873170137405	 0.5409852434
ECs2146	0.9895704657951820415462407254381105303764343	-1.1132348075
ECs2148	0.9761365382917179811528285426902584731578827	-0.7034314390
ECs2152	0.9982751637440030467729457086534239351749420	 0.9903388668
ECs2154	0.9894748086626159455647666618460789322853088	 0.6217541246
ECs2192	0.9788593238389640127650181966600939631462097	 0.6541784970
ECs2216	0.9864782798434069688298109213064890354871750	 0.5376985344
ECs2254	0.9715680959674859451524753239937126636505127	 0.5232362661
ECs2264	0.9738157761172270276972540159476920962333679	 0.6376117791
ECs2269	0.9769610893456860400974051117373164743185043	 0.5408439057
ECs2291	0.9904852854035439690960629377514123916625977	-0.9489042656
ECs2292	0.9872642292657090035135070138494484126567841	-1.0159422872
ECs2303	0.9999463371319059490360814379528164863586426	 6.1633790747
ECs2304	0.9998691054279209566857389290817081928253174	 2.2408591186
ECs2309	0.9846270876191050014369920972967520356178284	-1.0574732712
ECs2317	0.9905485704048799799892321971128694713115692	-1.5105772217
ECs2318	0.9739811098447169745995211087574716657400131	-0.8976343668
ECs2320	0.9943520480886980372758898738538846373558044	-1.0682214106
ECs2327	0.9948200193864950025002258371387142688035965	-1.3479720604
ECs2331	0.9996796248095860537574708359898068010807037	 1.3678053492
ECs2336	0.9952905829307630014568530896212905645370483	 0.7081100532
ECs2337	0.9929446134615640406906322823488153517246246	 0.8073976253
ECs2338	0.9985169170094390089786884345812723040580750	 1.0224151429
ECs2339	0.9897031304328499645706074261397588998079300	 0.7154026791
ECs2341	0.9789620599409359913423145371780265122652054	 0.6090082285
ECs2342	0.9995109579113750086776235548313707113265991	 1.2388908570
ECs2343	0.9994239675094009900391256451257504522800446	 2.0430069422
ECs2352	0.9998297655245049764261011659982614219188690	 1.1615746346
ECs2353	0.9994266979000460127124938480847049504518509	 1.0459963532
ECs2354	0.9981808947268779874661959183868020772933960	 0.8785030863
ECs2355	0.9835905113678019562328813663043547421693802	-2.0248510386
ECs2356	0.9713338046391239988253119008732028305530548	-0.8547806186
ECs2357	0.9714844542720659781309677782701328396797180	 0.5366140451
ECs2369	0.9997765387042439888531930591852869838476181	 2.3311037314
ECs2370	0.9928137011807740552882250995025970041751862	-1.5039590606
ECs2373	0.9905337312993319764942157235054764896631241	-0.9512967094
ECs2385	0.9871661065579929728031061131332535296678543	-1.1054454296
ECs2386	0.9747099922425690454730329292942769825458527	-0.7738136352
ECs2387	0.9908368463296820527475006201711948961019516	-1.3393879928
ECs2388	0.9903332797496460226938097548554651439189911	-1.3323381496
ECs2389	0.9967659180387039574711138811835553497076035	-1.3703669691
ECs2390	0.9962504760906899514694146091642323881387711	-1.4676249662
ECs2391	0.9851729736245540269834464197629131376743317	-1.8171529173
ECs2398	0.9974171136021450223552164970897138118743896	 0.8697116748
ECs2400	0.9931287250850360237564018461853265762329102	-1.0438082958
ECs2409	0.9827324563798089940291902166791260242462158	-0.9448708818
ECs2410	0.9777867721090209851553254338796250522136688	-0.6855247455
ECs2417	0.9777788251791820206548777605348732322454453	-1.0379473325
ECs2418	0.9834178094804649772342486357956659048795700	 0.6443211618
ECs2421	0.9777872771909209559382247789471875876188278	 0.6289419204
ECs2423	0.9901203595800950330030332224851008504629135	 0.5433131154
ECs2424	0.9708926918460749622141747749992646276950836	 0.5165339224
ECs2428	0.9998584555609659751951312500750645995140076	 3.4373035595
ECs2429	0.9946754955219500038410274100897368043661118	-2.0635209592
ECs2430	0.9957287193525959922979495786421466618776321	-1.5589294862
ECs2431	0.9905362201978530345414242219703737646341324	-1.8401962447
ECs2435	0.9937907441349760340187913243426010012626648	-2.9612455637
ECs2438	0.9906129814048100223899950833583716303110123	-3.5946346792
ECs2445	0.9946753134569670251607931277249008417129517	-2.8737988907
ECs2446	0.9841614270240519601884443545714020729064941	-0.9221032896
ECs2467	0.9847413278452209484115087434474844485521317	-1.3558975916
ECs2481	0.9906385337834849869054210103058721870183945	-0.8423475278
ECs2482	0.9877936885232899699715858332638163119554520	-0.9848412945
ECs2483	0.9960727054839030314425940559885930269956589	-1.2061226823
ECs2484	0.9941730202687220074864171692752279341220856	-1.2102218947
ECs2485	0.9933744997134400511740182082576211541891098	-1.7356897871
ECs2486	0.9860531186171980211341292488214094191789627	-0.9438154053
ECs2487	0.9872891732265259845391369708522688597440720	-0.8792071901
ECs2488	0.9847779484326110166492185271636117249727249	-1.3370996840
ECs2489	0.9791250155261449483745650468335952609777451	-0.9608216069
ECs2492	0.9955246787880579484308896098809782415628433	-2.9779928867
ECs2493	0.9965694035634149461344577503041364252567291	-2.1957274692
ECs2495	0.9992474922580349971923396878992207348346710	 1.0509542713
ECs2498	0.9982151669060580490011602705635596066713333	 0.8290079476
ECs2504	0.9847719830037829913393920833186712116003036	-1.0116985956
ECs2507	0.9991162284298960027939529027207754552364349	 1.0681247613
ECs2509	0.9763941133297130425816590104659553617238998	-1.0906432041
ECs2513	0.9889761691152300082663373359537217766046524	 0.6666288780
ECs2514	0.9994347414363790038649426605843473225831985	 1.1120956390
ECs2515	0.9992344889933429952222354586410801857709885	 0.9829345815
ECs2516	0.9977856099697980374330086306144949048757553	 0.8740484267
ECs2517	0.9848850756351269497557154863898176699876785	 0.5978370008
ECs2523	0.9948535339575870217743158718803897500038147	 0.9442770352
ECs2527	0.9972163627037869959579552414652425795793533	-2.0889229640
ECs2529	0.9980925052004510078518251248169690370559692	-1.7057279401
ECs2530	0.9950824047187080134690972954558674246072769	-1.1635401421
ECs2533	0.9993024586326839653338538482785224914550781	-1.1775665457
ECs2538	0.9995917780175379574458816023252438753843307	 1.2271529621
ECs2539	0.9705383555839319775770945852855220437049866	-1.0532965757
ECs2546	0.9962471099374230476541924872435629367828369	-2.5092903449
ECs2548	0.9872624854036829988856993622903246432542801	-1.1002926789
ECs2559	0.9958129246000909651215238227450754493474960	-2.7222374361
ECs2561	0.9993890968637200167279388551833108067512512	 2.2181748076
ECs2564	0.9856250540971319695771057922684121876955032	-0.8617725754
ECs2577	0.9900886223104430339247983283712528645992279	 0.5928931027
ECs2578	0.9928398179654449595687992768944241106510162	 0.7211887834
ECs2580	0.9910362422177739771811388891364913433790207	 0.6538935609
ECs2581	0.9830736145632059663768131940742023289203644	 0.5576123685
ECs2587	0.9951128148613870294525440840516239404678345	 0.7480786128
ECs2592	0.9759368231851189845471594708214979618787766	-1.1442910029
ECs2595	0.9821864674855449450774358410853892564773560	-1.1422213713
ECs2601	0.9858001807774330327305278842686675488948822	-2.4994058936
ECs2602	0.9983305907940109857889865452307276427745819	-2.1568594262
ECs2603	0.9879539728692530164977370077394880354404449	-0.9664740113
ECs2604	0.9795437015442109984775242992327548563480377	-1.8429554826
ECs2605	0.9928268873589110032895632684812881052494049	-2.2845943867
ECs2613	0.9980237514970700107852508153882808983325958	 0.9436350519
ECs2615	0.9989207067819040331002611310395877808332443	 1.4142052474
ECs2645	0.9719241178114450541158930718665942549705505	 0.5910652859
ECs2653	0.9985274440276680207873027939058374613523483	 1.4063878517
ECs2655	0.9965093927107040450152908306336030364036560	-1.3279336785
ECs2656	0.9975381820240130092969366160104982554912567	-1.2766435826
ECs2659	0.9989124607761460383770213411480654031038284	-3.3553602225
ECs2660	0.9802844094472510372284546065202448517084122	-0.8776923570
ECs2662	0.9768199222925280089668831351445987820625305	-0.9600299852
ECs2666	0.9962995106560710301124572652042843401432037	-1.9555089941
ECs2668	0.9722937198367529454401392285944893956184387	 0.6357525222
ECs2670	0.9921340897001540426458632282447069883346558	-1.0565538337
ECs2692	0.9979058248137000486366332552279345691204071	-1.9318964943
ECs2693	0.9945770574861899637753026581776794046163559	-1.2776257751
ECs2695	0.9829343876327160112182923512591514736413956	-1.3499738685
ECs2701	0.9978595161673530222756767216196749359369278	 0.7585648681
ECs2705	0.9867304559628340410171176699805073440074921	-0.9557644606
ECs2712	0.9912043523000230171859925576427485793828964	-1.3832000452
ECs2713	0.9918625534656519970866384028340689837932587	-1.1967007231
ECs2748	0.9901894314018450105052693288598675280809402	 0.6634307076
ECs2753	0.9973754650437539615026594219671096652746201	 0.9088491272
ECs2758	0.9779597935450079493335806546383537352085114	 0.5409537052
ECs2779	0.9797700442392760500354143005097284913063049	-1.2589549387
ECs2783	0.9880643374635780240566873544594272971153259	-1.1108249227
ECs2785	0.9938900765451670338279654970392584800720215	-1.4156526514
ECs2812	0.9998325486848119725280525926791597157716751	 1.9276683502
ECs2814	0.9739695029433029782595099277386907488107681	-1.5822514093
ECs2816	0.9927622028687229649435153078229632228612900	 0.6179176606
ECs2820	0.9844331536578719843433304959035012871026993	-1.2675228218
ECs2821	0.9858401393003569657125240155437495559453964	-1.0852769617
ECs2822	0.9919374610901330324708169428049586713314056	-1.0587675992
ECs2823	0.9908946695335859589093274735205341130495071	-0.9297099577
ECs2825	0.9852924536396110433145167917245998978614807	-1.0685667459
ECs2826	0.9877372871507960061521202987933065742254257	-1.0776742974
ECs2827	0.9774794422429470275304197457444388419389725	-1.0528154995
ECs2831	0.9958079280931250165664891937922220677137375	 0.9097454726
ECs2835	0.9946903750587410275585398267139680683612823	 0.8210721449
ECs2836	0.9908306210957440463005241326754912734031677	 0.6021628650
ECs2837	0.9812247340140749507497730519389733672142029	 0.5480426035
ECs2838	0.9950567556718880046773278991167899221181870	 0.7406027313
ECs2842	0.9797772292904479707331688587146345525979996	 0.5824570143
ECs2843	0.9758583863361930399449306605674792081117630	 0.5110153763
ECs2853	0.9758231802607839622254459754913114011287689	 0.6126297197
ECs2859	0.9929343073228069638247461625724099576473236	 0.7180130543
ECs2860	0.9983147754355780056911839892563875764608383	 0.8351848683
ECs2861	0.9779529788055919548028782628534827381372452	 0.5493817234
ECs2866	0.9810661589649769531717993231723085045814514	 0.6018097013
ECs2873	0.9704150600528640424613513459917157888412476	 0.6208688130
ECs2878	0.9998564742961459916870126107824034988880157	 1.3554456503
ECs2888	0.9822198595435449597346178052248433232307434	-0.7738320824
ECs2892	0.9777010537823700442316976477741263806819916	-1.5593400485
ECs2900	0.9973281223128019901125185242563020437955856	-2.6382989559
ECs2905	0.9953677908225649906270859901269432157278061	 0.6846857629
ECs2906	0.9937268421332440260229645900835748761892319	 0.7068736353
ECs2907	0.9806015564670610418218643644650001078844070	 0.5662723023
ECs2914	0.9962148274046539464521288209652993828058243	-1.9385948275
ECs2937	0.9895874546250540415570640107034705579280853	-1.1538423405
ECs2971	0.9825335759889649578369130722421687096357346	 0.5381414344
ECs3015	0.9971910000372870008789050189079716801643372	-1.4867019890
ECs3016	0.9976894630315109591123245991184376180171967	-1.9051575761
ECs3017	0.9931062037069799952604398640687577426433563	-2.2942238124
ECs3018	0.9979272638245889615049577514582779258489609	-2.0251846361
ECs3021	0.9835311466981959682698288816027343273162842	 0.6117718574
ECs3022	0.9843743851789259480256077949889004230499268	-2.0711145470
ECs3034	0.9900043336788120207359042979078367352485657	 0.6093479977
ECs3040	0.9853996831840320380635489527776371687650681	-1.5725473122
ECs3041	0.9987713418831779543793913944682572036981583	-1.9004680325
ECs3042	0.9990902383901929528775553990271873772144318	-2.3625352233
ECs3043	0.9935212702606700529983640990394633263349533	-0.9450998046
ECs3049	0.9889990370927289609070953702030237764120102	 0.6898134167
ECs3061	0.9899702640368019945782407376100309193134308	 0.6557197772
ECs3062	0.9976394810929960499379376415163278579711914	 1.0533329244
ECs3064	0.9730167166100960329799818282481282949447632	-0.8174758609
ECs3067	0.9992627589971739832108710288594011217355728	 1.0271815518
ECs3074	0.9935234951323500540709687811613548547029495	 0.7944915005
ECs3075	0.9957927322353270493948684816132299602031708	 0.8687803579
ECs3076	0.9908987135538740442797234209137968719005585	 0.7143901239
ECs3099	0.9996825140456460090376822336111217737197876	 1.1961832989
ECs3103	0.9993918928276119828524315380491316318511963	 1.2668254564
ECs3124	0.9993598647065160545110984458005987107753754	-1.7564535638
ECs3125	0.9978329324362099628231703718483913689851761	-2.9991598690
ECs3126	0.9973817828811869512506405044405255466699600	-2.0489580577
ECs3128	0.9990103656692439493269830563804134726524353	-2.0971587862
ECs3138	0.9990539104622889743367863957246299833059311	 1.2237353603
ECs3154	0.9958538223682380507995048901648260653018951	-2.8060150824
ECs3155	0.9932403151530460050366855284664779901504517	-1.4106631265
ECs3160	0.9860296698126279624219137076579499989748001	 0.6573172749
ECs3161	0.9798314282466360491952173106255941092967987	 0.5520952232
ECs3173	0.9989118182068199569556554706650786101818085	 0.9239966618
ECs3180	0.9987552618775970003639486094471067190170288	 0.9840421176
ECs3185	0.9981042492651920339241655710793565958738327	-1.6785597247
ECs3186	0.9984771715104669986828866967698559165000916	-1.9974854677
ECs3190	0.9889019188532079951414743845816701650619507	-1.6631038569
ECs3191	0.9912456021550599682967686021584086120128632	-1.5318988580
ECs3192	0.9956524996470059729603008236153982579708099	-1.4955971137
ECs3193	0.9921311986701180085646001316490583121776581	-1.8343771796
ECs3194	0.9934950342568760195405275226221419870853424	-1.7619788954
ECs3196	0.9989203766629589642533915139210876077413559	-2.3025430463
ECs3197	0.9993601760703659797613340742827858775854111	-2.2318278035
ECs3209	0.9715664340892790074022400403919164091348648	 0.5394458657
ECs3225	0.9928958768715669958027092434349469840526581	-1.0373691027
ECs3240	0.9837282616861879880332253378583118319511414	 0.5777116208
ECs3259	0.9820768693885539857291178122977726161479950	-1.0010591521
ECs3270	0.9921013866185980356604545704612974077463150	-1.3294912777
ECs3286	0.9983362909033209886544568689714651554822922	-3.7682197752
ECs3292	0.9758934206337209760206974351604003459215164	-2.5417449042
ECs3293	0.9954712548148390016677922176313586533069611	-3.7677631451
ECs3294	0.9988211775823000460050593574123922735452652	-3.6819388617
ECs3295	0.9936702722861350256522428026073612272739410	-3.1595364108
ECs3296	0.9898238085336420466475715329579543322324753	-4.7510114601
ECs3297	0.9964960408689800264170344235026277601718903	-1.1326853627
ECs3306	0.9772797775410819731689571199240162968635559	 0.5427410944
ECs3309	0.9789371048572820255273541079077403992414474	-0.8247699733
ECs3310	0.9872216638586930326226820398005656898021698	-0.9463186196
ECs3311	0.9821617195303410374762620449473615735769272	-0.9227098277
ECs3312	0.9947043162689970241530090788728557527065277	-1.1200849544
ECs3313	0.9853349153391059989104405758553184568881989	-1.3063048888
ECs3325	0.9902151303137070037507783126784488558769226	-0.9679462740
ECs3326	0.9949832289552780206776105842436663806438446	-2.9788191644
ECs3327	0.9907728041933799856266773531388025730848312	-0.9050012477
ECs3333	0.9952432039873160274368046884774230420589447	 0.8677236326
ECs3337	0.9833467209689790156090793971088714897632599	-0.7726000455
ECs3338	0.9976363603495580489877170293766539543867111	-3.0682394551
ECs3339	0.9852881702753200077182782479212619364261627	-1.3133516252
ECs3341	0.9875942300542960294862382397695910185575485	-0.8381159834
ECs3359	0.9931966929131209598224927503906656056642532	-1.5493802733
ECs3360	0.9881073153424809740741352470649871975183487	-1.1009477776
ECs3361	0.9961569264062940520787492459930945187807083	-3.1964532696
ECs3362	0.9974859698514350059284083727106917649507523	-2.6486918581
ECs3372	0.9915558784460249963643718729144893586635590	 0.6314173302
ECs3374	0.9973806124342350365452603000449016690254211	 0.8360252745
ECs3379	0.9949581310747980245068333715607877820730209	 0.7412288845
ECs3387	0.9943551191208890305262002584640868008136749	-0.9486284287
ECs3396	0.9722423232590969854882700929010752588510513	 0.5141365871
ECs3398	0.9989969806539770180719983727612998336553574	 1.0072053448
ECs3399	0.9993682730057119600886039734177757054567337	 1.0060611659
ECs3400	0.9872821669893819818142333133437205106019974	 0.9857665785
ECs3409	0.9887129633095520508945241999754216521978378	-2.1715283586
ECs3417	0.9980000096141400378613184329879004508256912	-1.7942566106
ECs3421	0.9701563793725830331382553595176432281732559	 0.4878146219
ECs3423	0.9944562627474450300368857824651058763265610	-2.6479097906
ECs3425	0.9969518111328420362227120676834601908922195	 0.9182207442
ECs3428	0.9990475560280179800898281428089831024408340	 1.0986122887
ECs3431	0.9839384820146379606597974998294375836849213	 0.5502271337
ECs3432	0.9874341232862170469886109458457212895154953	 0.6346491165
ECs3435	0.9897866767022780454254871074226684868335724	 0.6970122373
ECs3440	0.9982572394726939579712166050740052014589310	-2.6038069330
ECs3449	0.9946492873004100232492419308982789516448975	 0.7927964358
ECs3454	0.9993242032379899830729641507787164300680161	 0.9964225701
ECs3455	0.9899415720627180448332183004822582006454468	-1.0575719336
ECs3456	0.9855059360985309879765736695844680070877075	 0.7241535606
ECs3460	0.9976807132646490217098289576824754476547241	-2.3804814327
ECs3465	0.9867006008543709461022785944805946201086044	-1.0827069269
ECs3469	0.9777264002976659984511798029416240751743317	 0.7074797907
ECs3473	0.9900977937986750188059659194550476968288422	 0.6357820220
ECs3476	0.9862670583208630326055299519794061779975891	-0.8953472383
ECs3497	0.9792960074741799969544331361248623579740524	 0.6113611394
ECs3520	0.9905706977567050319777308686752803623676300	-2.9255498725
ECs3521	0.9957571939818240513986324913275893777608871	-2.7226354197
ECs3522	0.9884869607872179830820869028684683144092560	-1.6696979600
ECs3523	0.9913985124448659869145217271579895168542862	-2.0505515477
ECs3524	0.9893518894606380120748667650332208722829819	-2.4028797608
ECs3525	0.9749870312317939768931296384835150092840195	-0.7656198294
ECs3526	0.9979390750554829603302664509101305156946182	-2.5412306409
ECs3530	0.9934121819055440338885887285869102925062180	 0.6574252774
ECs3531	0.9999773998747449876844939353759400546550751	 2.6866461154
ECs3533	0.9978674134475440382630040403455495834350586	-3.3450552688
ECs3535	0.9992512951199660209411490541242528706789017	 1.2424426773
ECs3542	0.9768148754371910325033923072624020278453827	-0.9952566553
ECs3546	0.9999742582295519932600313950388226658105850	 1.8464871198
ECs3547	0.9999838695254540388290820374095346778631210	 2.0011705657
ECs3548	0.9999882905506960462105325859738513827323914	 2.0259962070
ECs3549	0.9885765830922900176958023621409665793180466	-0.9419288933
ECs3555	0.9851718567064919884757046020240522921085358	 0.6222391353
ECs3560	0.9966512446347159936976822791621088981628418	-1.7607392492
ECs3561	0.9983429459894750390702711229096166789531708	-1.2962648732
ECs3562	0.9993011598783420046387959700950887054204941	-1.6833248657
ECs3587	0.9749485059782799778460571360483299940824509	-0.6771101817
ECs3592	0.9790452607570689913529804471181705594062805	 0.5794664800
ECs3604	0.9985504503316320334960209947894327342510223	-4.4925690700
ECs3605	0.9978695112413700218922940621268935501575470	-4.5591330436
ECs3606	0.9988990819559989686737822012219112366437912	-5.5254917345
ECs3617	0.9995412567984069962534476871951483190059662	-3.4629716692
ECs3618	0.9984004614886680117891160080034751445055008	-4.7672369060
ECs3619	0.9972130539339360000283818408206570893526077	-4.4310514439
ECs3620	0.9994278783932559750979862656095065176486969	 0.9662873164
ECs3621	0.9895601861469800475390456995228305459022522	 0.6456161703
ECs3633	0.9977230216815460295265438617207109928131104	 1.1289514220
ECs3639	0.9902889483669879977512096047576051205396652	-0.6887753930
ECs3666	0.9723469314583450540112607995979487895965576	 0.5822306949
ECs3669	0.9954242916303079891093830156023614108562469	-2.9369752554
ECs3672	0.9735054495096739923809536776388995349407196	 0.5320824077
ECs3674	0.9904334154308710447267571908014360815286636	 0.6302595059
ECs3675	0.9942025924601120001611320731171872466802597	-1.9073975676
ECs3682	0.9859028151544869666977888300607446581125259	 0.5907995161
ECs3683	0.9952691439339049761514388592331670224666595	 0.7600410685
ECs3684	0.9827789473845720547018345314427278935909271	 0.5199725743
ECs3690	0.9936177732753329605586145589768420904874802	-1.2515241667
ECs3695	0.9990537082948669489468329629744403064250946	-2.5686613018
ECs3701	0.9973676553190939930715330774546600878238678	-1.0918942643
ECs3702	0.9855237174454659632161224180890712887048721	 0.5802394593
ECs3704	0.9803087203883940059512269726837985217571259	 0.6376538521
ECs3763	0.9907786068344960339615568045701365917921066	 0.6912767014
ECs3764	0.9925369183309340481713434201083146035671234	 0.7029913946
ECs3766	0.9883712182193620243708664929727092385292053	 0.6217854534
ECs3774	0.9971948164505469724971931100299116224050522	-2.5607914979
ECs3775	0.9991860687582420075258937686157878488302231	-2.6453700456
ECs3776	0.9943852202659350103530755404790397733449936	-2.6474357406
ECs3793	0.9955200327481920075101129441463854163885117	-1.6152400347
ECs3795	0.9797705462325709824256136926123872399330139	-1.4065050645
ECs3796	0.9851005195296560490447745905839838087558746	-0.8527930157
ECs3818	0.9904511693063150490345947218884248286485672	-1.9093008755
ECs3821	0.9766507877024509509666927442594897001981735	 0.4880155112
ECs3840	0.9868246357909510324546431547787506133317947	-1.0107161908
ECs3874	0.9913519221586629681652880208275746554136276	-1.4312341846
ECs3880	0.9814366709375570430040625069523230195045471	 0.5184302232
ECs3885	0.9976701545256180247989163945021573454141617	-2.4110515541
ECs3887	0.9963945690908629915227834317192900925874710	-2.8466683830
ECs3888	0.9855765638093829661414702059119008481502533	-1.4707409765
ECs3892	0.9944348258759599934464290527103003114461899	-1.2867272826
ECs3896	0.9973042454201049844542126265878323465585709	-2.6844867844
ECs3900	0.9887396353648340019404372469580266624689102	 0.7687187757
ECs3901	0.9786795966447470185300971934339031577110291	 0.5699123698
ECs3902	0.9890550526001550268873074855946470052003860	 0.5845193101
ECs3914	0.9812883847460329711509530170587822794914246	 0.6338842117
ECs3925	0.9783693853409100027462841353553812950849533	-0.9923667008
ECs3931	0.9935063536288489816072910798538941890001297	-1.9343438564
ECs3935	0.9794696832684679499436697369674220681190491	 0.5747196073
ECs3948	0.9988003843368330469942861782328691333532333	 0.9876396578
ECs3949	0.9937208252426810162205583765171468257904053	 0.7076405513
ECs3955	0.9938853476213580506737343966960906982421875	-2.5504789154
ECs3966	0.9925767491103100192972874538099858909845352	 0.7720718260
ECs3969	0.9824907456660759708100272291630972176790237	-0.7152068986
ECs3970	0.9876845265528360062745605318923480808734894	-0.9488962059
ECs3971	0.9970872820958569526794690318638458847999573	-1.8424694370
ECs3977	0.9758878747126370489795021967438515275716782	-0.9103476933
ECs3978	0.9908413878100039706708912490285001695156097	-0.8462168046
ECs3979	0.9987563062856640305753330721927341073751450	-2.3911947321
ECs3980	0.9968484155621669673408291600935626775026321	-2.6219821952
ECs3981	0.9930335367400859869491114295669831335544586	-2.6043320590
ECs3982	0.9920512637419279799999571878288406878709793	-2.3307843216
ECs3983	0.9726831539567539763879722158890217542648315	-1.6993854976
ECs3985	0.9878677382321270350473696453263983130455017	-1.5130085804
ECs4032	0.9974249716977620083824263019778300076723099	 0.9334707516
ECs4034	0.9964001582980609450501674473343882709741592	-2.8308567141
ECs4041	0.9940933815098520476283283642260357737541199	-1.1767639732
ECs4042	0.9940351735726700166395630731130950152873993	-1.5244498183
ECs4043	0.9997833479219320196307307924143970012664795	 1.4546941080
ECs4045	0.9826293390714010422826163448917213827371597	 0.6055570123
ECs4046	0.9887259333120339555023292632540687918663025	 0.6459959616
ECs4047	0.9986691987491560507095300636137835681438446	 0.9729243307
ECs4048	0.9912071907784939517327416069747414439916611	 0.6930107549
ECs4049	0.9971726941932149701486309822939801961183548	 0.9268309355
ECs4052	0.9966985117125890525358045124448835849761963	-3.4980635468
ECs4059	0.9980910899617260190197498559427913278341293	 0.9669045596
ECs4060	0.9894398041601579762982510146684944629669189	 0.6091605277
ECs4062	0.9978111223454020350942528239102102816104889	 1.1419684799
ECs4063	0.9998954006214869627555685838160570710897446	 1.6288484219
ECs4064	0.9995894084456440342734140358516015112400055	 1.1653245878
ECs4065	0.9952944550550929525556398402841296046972275	 0.7531669287
ECs4074	0.9910214278699910339653911250934470444917679	 0.6652926626
ECs4088	0.9882741045939610335935299190168734639883041	-0.8279166474
ECs4091	0.9943866250747650514796305287745781242847443	-1.8799491526
ECs4092	0.9915828622936559977318893288611434400081635	-2.0847346207
ECs4094	0.9801583916993970024833515708451159298419952	-1.0132188480
ECs4095	0.9869938426616760018816876254277303814888000	-1.0920542335
ECs4098	0.9811450471651720350863001840480137616395950	-1.1625729873
ECs4107	0.9726487818945920293955964552878867834806442	-0.7696494581
ECs4109	0.9913547933232419451243799812800716608762741	-1.1836688886
ECs4110	0.9870675910148709597535798820899799466133118	-0.9016900627
ECs4111	0.9999845155400890472918717932770960032939911	 3.2643533791
ECs4112	0.9882784491217110334204676291847135871648788	-1.1999431799
ECs4113	0.9999761789604659778518680468550883233547211	 2.0698036620
ECs4114	0.9999661644619129985400718396704178303480148	 2.7253181448
ECs4115	0.9998380481689279619672561238985508680343628	 2.5381402205
ECs4122	0.9785703947075159447877013008110225200653076	 0.6619346329
ECs4125	0.9834935746109030318962140881922096014022827	-0.8869330749
ECs4128	0.9895065089622160359184022127010393887758255	 0.6137635569
ECs4129	0.9785884378835519870065695613448042422533035	 0.5784303291
ECs4131	0.9978479387690549762268688027688767760992050	 0.7848528501
ECs4132	0.9993832394230319771111226145876571536064148	 1.0397407604
ECs4133	0.9977042201557749789841977872129064053297043	 0.8999838276
ECs4134	0.9870010849991379675572034102515317499637604	 0.6121822826
ECs4140	0.9997401283025399987280934510636143386363983	 1.2671828550
ECs4154	0.9914930231913049452074915279808919876813889	 0.6425880312
ECs4155	0.9925414676539859870629811666731256991624832	 0.7303410705
ECs4159	0.9975144486767389961912044782366137951612473	 0.6309703538
ECs4160	0.9990724874123559917649117778637446463108063	 0.9706449689
ECs4161	0.9958829387684500211719296203227713704109192	 0.5986378402
ECs4162	0.9928921942764420416338566610647831112146378	 0.7706280159
ECs4165	0.9991754862612900467411236604675650596618652	 0.7758335734
ECs4166	0.9951802816097049531052221027493942528963089	 0.3029353730
ECs4167	0.9829770493802799657956370538158807903528214	 0.3615955358
ECs4170	0.9844318223668969691786401199351530522108078	 0.3257989131
ECs4172	0.9846320787307359934104056264914106577634811	 0.4483004687
ECs4173	0.9877902031845949837318698882882017642259598	 0.3139807533
ECs4174	0.9853874765420069792298818356357514858245850	 0.3898209690
ECs4176	0.9983981274114860360313628007133956998586655	 0.4996862948
ECs4177	0.9975815043815720040143446567526552826166153	 0.6150061413
ECs4189	0.9904739899070640340994486905401572585105896	-1.4896307301
ECs4192	0.9908318512858510507257392418978270143270493	 0.5093950424
ECs4208	0.9955563525722159745612316328333690762519836	-1.2349285140
ECs4209	0.9916157243696419598677493922878056764602661	-1.4552339358
ECs4210	0.9923075425584070297091443535464350134134293	-2.6542804134
ECs4212	0.9985254972853579991109995717124547809362411	-1.8011820823
ECs4213	0.9957004432898030055199001253640744835138321	-2.2935082145
ECs4214	0.9977973374029239783666866969724651426076889	-1.3975430737
ECs4220	0.9793188527354460548579595524643082171678543	 0.7544690714
ECs4232	0.9972169224024569622599756257841363549232483	 0.8185271998
ECs4238	0.9897255860566840368619523360393941402435303	 0.7409909677
ECs4245	0.9868162414436919549487470249005127698183060	-1.2573997261
ECs4246	0.9906200348294219582001574053720105439424515	 0.6651888474
ECs4247	0.9851338150095190204780237763770855963230133	 0.6243137351
ECs4250	0.9882009305713560509687454214144963771104813	 0.6214699224
ECs4251	0.9794536240277450511726442528015468269586563	 0.7620871826
ECs4252	0.9947659485105100340973649508669041097164154	 0.7155411602
ECs4258	0.9932213619945230442809247506374958902597427	-1.1225256678
ECs4259	0.9992983769195199483803548901050817221403122	-2.0958778598
ECs4260	0.9991023172665109974843744566896930336952209	-1.9336567190
ECs4269	0.9990744595137019956609947257675230503082275	-3.9471102239
ECs4273	0.9947581051189530176870334798877593129873276	-1.3131861079
ECs4274	0.9872955564289339625005936795787420123815536	-1.4726585031
ECs4275	0.9943523181930890020296942566346842795610428	-1.3881314280
ECs4276	0.9776495165805459963692669589363504201173782	-1.0491647587
ECs4277	0.9981609348253189795130424499802757054567337	-1.3181837728
ECs4278	0.9734223968442300423120627783646341413259506	-0.7520601943
ECs4286	0.9801530916545709848364253957697656005620956	 0.5183036378
ECs4293	0.9989770714384279548525569225603248924016953	-2.4251921823
ECs4296	0.9977900732629220170721850990958046168088913	-2.4516871919
ECs4297	0.9990317304389549901699751899286638945341110	-2.3314259781
ECs4298	0.9787909469745710300259133873623795807361603	-1.7175284550
ECs4299	0.9992061766364389585604044441424775868654251	-2.3367042613
ECs4301	0.9992065819527180536852029035799205303192139	-2.4677408374
ECs4302	0.9983477384967289758321840054122731089591980	-2.6291342350
ECs4303	0.9966351532698829451817346125608310103416443	-2.4956190591
ECs4304	0.9939169573909220067875480708607938140630722	-1.9133220764
ECs4305	0.9976803823489159839255080441944301128387451	-1.9703672151
ECs4306	0.9910364254019270457973789234529249370098114	-0.9286102433
ECs4308	0.9908340181895769482878222333965823054313660	-1.3787554790
ECs4309	0.9991245018534490318629082139523234218358994	-3.1905749424
ECs4320	0.9955833872938379958128507496439851820468903	 0.8633830167
ECs4324	0.9962064619745609750367520973668433725833893	 0.8934374234
ECs4325	0.9876178832502959803463227217434905469417572	 0.7122773012
ECs4326	0.9988969742661020223550849550520069897174835	 0.9954572844
ECs4327	0.9997151705879280259026131716382224112749100	 1.1428766274
ECs4328	0.9997190719536730441063809848856180906295776	 1.2733136811
ECs4329	0.9998336456335049637900169727799948304891586	 1.2910091458
ECs4330	0.9997597721012769778070605752873234450817108	 1.2616992896
ECs4331	0.9998618893779579464009543698921333998441696	 1.3518204703
ECs4332	0.9993205157693819673525581492867786437273026	 1.3044884614
ECs4333	0.9987184130951960447930559894302859902381897	 0.9819474868
ECs4334	0.9976658810007700273203568031021859496831894	 0.8522589517
ECs4335	0.9990439168376280543171219505893532186746597	 0.8867892306
ECs4336	0.9996882586913380386306471336865797638893127	 1.2277832268
ECs4337	0.9992024475811589478979612977127544581890106	 1.0685173559
ECs4338	0.9984866188106480411335041935672052204608917	 0.8942856810
ECs4339	0.9984026971512319770241106198227498680353165	 0.9748148930
ECs4340	0.9974306334446310096097931818803772330284119	 0.7530296086
ECs4343	0.9950528554338949893676158353628125041723251	 0.6911767366
ECs4349	0.9929183212804629787839871823962312191724777	-0.9196634164
ECs4350	0.9871850766102510110755474670440889894962311	-0.7321059193
ECs4363	0.9805583988795619765355127128714229911565781	-1.5156430159
ECs4364	0.9992832957246360336966972681693732738494873	 1.0763341135
ECs4366	0.9841330571582189712387389590730890631675720	-0.8624564208
ECs4367	0.9980209378474660386615369134233333170413971	-1.5123679572
ECs4368	0.9750982281198959933377068409754429012537003	-0.7976301183
ECs4370	0.9864136592348790033568661783647257834672928	-0.9294134806
ECs4377	0.9911258684649589811854752952058333903551102	-1.4883494989
ECs4378	0.9942395766515079724712222741800360381603241	-1.2141301455
ECs4389	0.9964216089554039923470440953678917139768600	-2.5449783112
ECs4390	0.9993083621192320187276436627143993973731995	-2.6202097930
ECs4391	0.9961057860328019764040163863683119416236877	-1.7520506926
ECs4392	0.9922231876361810032349808352591935545206070	-1.4683401954
ECs4393	0.9928127154681689603421546053141355514526367	-1.2716764453
ECs4394	0.9820252331961619729483459195762407034635544	-1.3947095580
ECs4395	0.9963654536693430374683089212339837104082108	-1.3560020040
ECs4396	0.9984458931287749638983086697407998144626617	-2.0037544451
ECs4397	0.9965202135107169567618257133290171623229980	-2.7493694338
ECs4401	0.9752618550724370116711270384257659316062927	-0.7684869093
ECs4402	0.9970517627858139775298695894889533519744873	-1.2776833202
ECs4403	0.9985693604500990305794516643800307065248489	-2.4599590769
ECs4404	0.9987178379730079491594096907647326588630676	-1.6687484647
ECs4408	0.9881272155610170138118064642185345292091370	-1.0391344849
ECs4410	0.9949305807451259697771206447214353829622269	-1.1686798513
ECs4415	0.9719079171011270057434217051195446401834488	-0.7021185980
ECs4416	0.9954012412016439714790294601698406040668488	-1.1275001296
ECs4417	0.9808048341814870063615217077312991023063660	-1.0443015733
ECs4419	0.9922721182385819682636451943835709244012833	 0.7951972040
ECs4421	0.9926719036757249980951200996059924364089966	-1.1817802744
ECs4422	0.9804578858848530531489018358115572482347488	-1.2013473895
ECs4423	0.9943639132260599922119581606239080429077148	-1.4021520721
ECs4424	0.9988678048057849645502415114606264978647232	-1.6839652390
ECs4433	0.9823208145604539476281047427619341760873795	-0.9041337448
ECs4437	0.9996605151309799763836849706422071903944016	 1.2474855838
ECs4440	0.9993748702648680426463556614180561155080795	-2.5337608160
ECs4464	0.9915585021492879791438213032961357384920120	-2.2630937250
ECs4469	0.9953719077631579814635642833309248089790344	-1.8586796900
ECs4475	0.9980056906151080209355086481082253158092499	-1.9116259654
ECs4481	0.9955343511188099459019440473639406263828278	-1.3050882749
ECs4482	0.9958923012269480512514974179794080555438995	-1.5508933591
ECs4483	0.9959242969749010354618690143979620188474655	-1.2069032889
ECs4495	0.9972933684389310160511854519427288323640823	 0.8560466146
ECs4502	0.9863455274529460137244996076333336532115936	 0.6251839813
ECs4503	0.9815619405563410504456101079995278269052505	 0.6373504034
ECs4504	0.9986756509417999971844892570516094565391541	 0.8278073488
ECs4505	0.9949476949080350296483743477438110858201981	 0.8088293012
ECs4511	0.9928406539518529472232444277324248105287552	 0.8272296115
ECs4512	0.9892446194067759934753780726168770343065262	 0.6540460358
ECs4517	0.9956961067433539591675639712775591760873795	-0.9584508334
ECs4521	0.9952539741418590102384200690721627324819565	 0.6597311836
ECs4525	0.9942692637989769544049067917512729763984680	 0.7007962617
ECs4526	0.9951338334985120326336982543580234050750732	 0.7231163094
ECs4530	0.9917196947174450327722183828882407397031784	-3.6132751118
ECs4534	0.9908399310796679460011660012241918593645096	 0.7116437239
ECs4537	0.9830037402853210037889652994635980576276779	 0.5533405539
ECs4566	0.9706163791448679800666354822169523686170578	 0.5124956692
ECs4567	0.9775227726297890384898892079945653676986694	 0.5367416821
ECs4577	0.9997681870744620225011090042244177311658859	 1.4194022485
ECs4578	0.9988819053875810372034038664423860609531403	 1.5425654087
ECs4595	0.9983401534848509450981168811267707496881485	-1.6937913234
ECs4596	0.9806897287777319727197777865512762218713760	 0.7853613827
ECs4600	0.9897452340347879795601215846545528620481491	-1.6369281005
ECs4604	0.9960101255141190490505209709226619452238083	 0.9189485407
ECs4605	0.9997656486043779988648338985512964427471161	 1.3590319318
ECs4606	0.9994386292192689591473708787816576659679413	 1.1461105699
ECs4611	0.9906958192989310241216571739641949534416199	-0.9371767052
ECs4612	0.9976601839821790385087751928949728608131409	-1.2738680463
ECs4614	0.9997315677808590317354742182942572981119156	 2.9025299624
ECs4628	0.9970223123337720316783361340640112757682800	-1.5395142792
ECs4631	0.9860170848262990173083153422339819371700287	 0.6159722541
ECs4636	0.9923309666164460418613657566311303526163101	 0.6913353641
ECs4637	0.9923858282873839753435163402173202484846115	 0.6932162511
ECs4639	0.9973493870556879858924048676271922886371613	 0.7922266310
ECs4641	0.9895598721063390001972948084585368633270264	 0.6649990060
ECs4652	0.9853857458470529628868916915962472558021545	-0.8367777554
ECs4661	0.9986839346555990148956993834872264415025711	 0.8269016962
ECs4662	0.9965148405873129888732364634051918983459473	 0.8135261483
ECs4663	0.9960990559561180290870652243029326200485229	 0.7585277384
ECs4682	0.9967581562342270329324378508317749947309494	 0.7834689008
ECs4683	0.9762630901652219472808269529195968061685562	 0.5513280165
ECs4686	0.9924819065633140313664739551313687115907669	-2.3548294920
ECs4690	0.9926748497216709710144755263172555714845657	-0.9613544408
ECs4692	0.9979797174539130066861503109976183623075485	-1.9002335629
ECs4693	0.9852606327233199845494482360663823783397675	-0.9805493683
ECs4694	0.9949232251560949924495957930048462003469467	-1.3949916659
ECs4698	0.9769402688173469684329575102310627698898315	-1.2345345293
ECs4699	0.9960666457357110203929551062174141407012939	 0.7638467451
ECs4702	0.9890576594610189786749288032297044992446899	-0.9293710477
ECs4703	0.9935671100959420076748074279748834669589996	-1.3140578929
ECs4704	0.9746202810819449835477712440479081124067307	-0.8789600660
ECs4705	0.9943416206755489872293196640384849160909653	-1.5224092577
ECs4708	0.9709830818829380261192341095011215656995773	-0.9838681218
ECs4713	0.9986416856284240362029436255397740751504898	 0.8680557828
ECs4716	0.9996262223119229961554310648352839052677155	 1.3365077954
ECs4719	0.9707415081304420212404693302232772111892700	 0.7212529135
ECs4723	0.9836165128065710305804714153055101633071899	 0.7245171765
ECs4730	0.9983983850085870193069581546296831220388412	 1.2191037277
ECs4749	0.9962464058975859515498996188398450613021851	 0.7191973377
ECs4752	0.9953977472481529975567582368967123329639435	 0.7420117177
ECs4757	0.9966845929743769483266646602714899927377701	-1.4593163016
ECs4758	0.9954729364912690003919237824447918683290482	-1.4029651796
ECs4759	0.9841077707419200182314966696139890700578690	-3.6592179269
ECs4760	0.9966480460178009925797937285096850246191025	-3.3217374107
ECs4770	0.9975612922712030483651801660016644746065140	 0.9224316368
ECs4774	0.9718756879720560348800972860772162675857544	-0.7069053594
ECs4779	0.9918115985306980020297373812354635447263718	-0.8899625589
ECs4781	0.9902166785691159933691096739494241774082184	 0.9019654643
ECs4783	0.9864083184756610167553958490316290408372879	-0.8122365521
ECs4784	0.9868195545536420087984197380137629806995392	 0.6339772455
ECs4785	0.9973536528705789772075718246924225240945816	 1.1013832079
ECs4793	0.9971227139214730028626831881410907953977585	 0.8191311783
ECs4804	0.9794418185846910374081630834552925080060959	-0.7746171492
ECs4808	0.9974589126973190111868916574167087674140930	-1.3978551835
ECs4809	0.9916480987733180540999455843120813369750977	-1.2910051137
ECs4821	0.9748290272064750183744763489812612533569336	 0.5515218404
ECs4834	0.9843838883735059885893292630498763173818588	-1.2276971252
ECs4835	0.9985298950293790554155748395714908838272095	 0.9195043534
ECs4837	0.9806723475232399511725134289008565247058868	-1.0720440483
ECs4838	0.9934072295317960543670210427080746740102768	-1.2338869554
ECs4842	0.9969003562531779660815800525597296655178070	-3.1069408653
ECs4843	0.9949963495145109915185344107158016413450241	-1.3988105059
ECs4847	0.9899780264328480461344383911637123674154282	-1.0505464276
ECs4848	0.9709807989888860069171983013802673667669296	-0.6900934582
ECs4851	0.9985825189637439480705438654695171862840652	-3.3424479988
ECs4852	0.9963215792953959981659295408462639898061752	-3.4775725183
ECs4859	0.9705498380515980016980392974801361560821533	-0.8031441536
ECs4861	0.9827717443924209872463393367070239037275314	-0.8139954142
ECs4863	0.9996982752434040442324203468160703778266907	 1.2075226177
ECs4868	0.9848513876410009970641112886369228363037109	-2.5528992226
ECs4869	0.9904136034589730019916942183044739067554474	-1.1507581081
ECs4870	0.9880823681173469541505482993670739233493805	-3.8193889332
ECs4885	0.9801159098813739811717482552921865135431290	-1.3120206880
ECs4886	0.9983625328280399946478951278550084680318832	-2.0737604098
ECs4887	0.9917274804023640255579152835707645863294601	-3.6148746302
ECs4888	0.9881500202868960247570839783293195068836212	-3.4788066416
ECs4889	0.9910935599262240547346891617053188383579254	-2.9183780207
ECs4899	0.9980771685043560159655839925108011811971664	 0.8588077760
ECs4900	0.9988251777136190057149178755935281515121460	 0.9399537815
ECs4905	0.9987223567800780354986045495024882256984711	 0.9860690956
ECs4907	0.9885474861963550186061411295668222010135651	 0.3689242623
ECs4913	0.9985602013073270333265440967807080596685410	 0.9464067375
ECs4914	0.9963589056274519961675650847610086202621460	 0.9317626577
ECs4915	0.9995554749507710168288099339406471699476242	 1.1123046330
ECs4916	0.9992832916345449900674680066003929823637009	 1.2033891239
ECs4917	0.9991215943187370385203394107520580291748047	 1.0800889376
ECs4918	0.9918247026486759487795552558964118361473083	-1.5225518455
ECs4923	0.9855215137056140273230653292557690292596817	-0.6379375156
ECs4928	0.9964685116184820445894843032874632626771927	-2.9410152175
ECs4929	0.9988249379804370331470408927998505532741547	-2.9817004117
ECs4996	0.9989272295690310166094150190474465489387512	 0.8712994211
ECs5000	0.9938291633802499580596645500918384641408920	-1.0686115850
ECs5005	0.9837244409339960249383238988230004906654358	 0.5293362418
ECs5008	0.9830806231656440408173125433677341789007187	-0.8320470077
ECs5015	0.9863969278905450055461301417381037026643753	-0.7960110310
ECs5016	0.9857322412503469744038397948315832763910294	-0.8122365521
ECs5017	0.9972673126286889511149524878419470041990280	-1.3805757601
ECs5019	0.9967493050506659457710156857501715421676636	-1.1690961339
ECs5020	0.9731827245408849469399115150736179202795029	-0.6686103730
ECs5028	0.9979488825827940168267105036647990345954895	-2.6129548349
ECs5031	0.9830235841661140172575983342539984732866287	 0.7015672614
ECs5033	0.9940054782781300168892357760341838002204895	-1.1624108912
ECs5034	0.9852500271350239646750424071797169744968414	 0.5524297761
ECs5035	0.9907729048386619830068866576766595244407654	 0.7215987037
ECs5036	0.9902723110600799572011965210549533367156982	-1.0561688942
ECs5042	0.9994017985556890026899168333329726010560989	 1.9874970747
ECs5046	0.9956731470638140457651843462372198700904846	-1.3878199144
ECs5049	0.9970460132630249994178939232369884848594666	-1.8475614393
ECs5050	0.9880861136124610144548796597518958151340485	-1.0504594113
ECs5051	0.9991454376158269701235781212744768708944321	-2.7822059824
ECs5059	0.9930898235685819974705168533546384423971176	 0.7553484614
ECs5071	0.9729322636841699623033719035447575151920319	-0.7274120996
ECs5076	0.9748063857896599460062247999303508549928665	-1.1211468537
ECs5089	0.9931723686818469953863086630008183419704437	-1.3363748281
ECs5093	0.9993947556137979804091742153104860335588455	 1.1220669453
ECs5105	0.9758157797533429933523052568489219993352890	 0.5938875272
ECs5108	0.9969241113546839505588081919995602220296860	-2.6355243396
ECs5109	0.9929276826119980414731003293127287179231644	-2.7273712881
ECs5116	0.9936782373659609479688015198917128145694733	-1.4766613158
ECs5123	0.9947937517576640464866954971512313932180405	-1.0624580918
ECs5124	0.9886010954328170452498625309090130031108856	-1.1788150940
ECs5130	0.9947858800724379557678389573993626981973648	-2.6679500453
ECs5132	0.9720677950297319513950355940323788672685623	-0.7158185476
ECs5133	0.9905860205956440456276368422550149261951447	-1.0023842566
ECs5134	0.9869401093156330295741440750134643167257309	-1.0542048927
ECs5135	0.9915880638972179861312383764015976339578629	-1.3794150050
ECs5136	0.9988866256997039894116596769890747964382172	 1.3205160760
ECs5137	0.9999073690624500354573456206708215177059174	 1.7923639041
ECs5152	0.9990276975434440043244421758572570979595184	 1.0349900538
ECs5154	0.9992727761200009828357337937632109969854355	 1.0118394537
ECs5155	0.9982833883340269665040977997705340385437012	 0.9482155776
ECs5156	0.9968907322365180290191233325458597391843796	 0.8560873696
ECs5157	0.9925219359725899748170263592328410595655441	 0.6761277330
ECs5161	0.9703453680331129982405968803504947572946548	 0.4728512819
ECs5163	0.9987872759768749997277836882858537137508392	-1.6858889725
ECs5164	0.9967306828949840102893631410552188754081726	-1.4113811955
ECs5165	0.9980513554186529745493317022919654846191406	-1.8160423742
ECs5169	0.9921060679017560390846597329073119908571243	-1.4463840805
ECs5170	0.9976798451588699823133765676175244152545929	-1.1441011806
ECs5171	0.9921582374775810286848809482762590050697327	-1.1761076963
ECs5175	0.9861755600960989687209234944020863622426987	-1.4611023393
ECs5176	0.9987418300674280047246611502487212419509888	 0.6992108163
ECs5177	0.9985196446890439725407873083895538002252579	 0.7675302971
ECs5178	0.9978008870154599918578242068178951740264893	 0.9376411371
ECs5179	0.9980503437617129769421353557845577597618103	 0.9087908434
ECs5192	0.9901208702182240362077436657273210585117340	-1.1494706064
ECs5195	0.9922122706179550277738599106669425964355469	-1.1934057583
ECs5197	0.9965859905205699531549612402159254997968674	-1.5944859329
ECs5205	0.9841419885139069956281332451908383518457413	-1.1672459173
ECs5206	0.9955660741987759632110055463272146880626678	-1.3392731618
ECs5207	0.9924883044101280304971623991150408983230591	-1.1696326474
ECs5212	0.9759852304511239529105637302563991397619247	-0.6290622841
ECs5220	0.9798608319025019497416906233411282300949097	-0.7697847018
ECs5222	0.9963008009277349863452855061041191220283508	-3.2994039423
ECs5225	0.9961026326698340094267791755555663257837296	-1.0626549430
ECs5231	0.9974724181796470467986637231661006808280945	-2.6091177826
ECs5238	0.9743910239479960377906309076934121549129486	 0.5289394264
ECs5240	0.9974172854382830077923927092342637479305267	-1.9554703488
ECs5241	0.9944777716450370341760844894452020525932312	-2.2665389102
ECs5259	0.9919163653552740544938615130377002060413361	-0.8697470404
ECs5262	0.9865259156419190489373249874915927648544312	 0.6320343124
ECs5266	0.9989409082810439821642489732766989618539810	 0.9658414468
ECs5299	0.9912047490340200051051056107098702341318130	-1.1930393327
ECs5300	0.9834373659548539814423406824062112718820572	-0.6855093911
ECs5306	0.9900424627075510297657956471084617078304291	 0.7613450759
ECs5307	0.9978782844237320537317259550036396831274033	 0.9412682366
ECs5311	0.9743640027932709557489943108521401882171631	-0.6149402274
ECs5322	0.9840711224030049830702182589448057115077972	 0.5590171096
ECs5330	0.9882195824677469930819029286794830113649368	 0.6748949583
ECs5331	0.9927875292853379773916344674944411963224411	 0.6915522669
ECs5350	0.9795432477131590376373537765175569802522659	-0.8878527966
ECs5351	0.9986428232821740191837989186751656234264374	-1.5501227274
ECs5359	0.9730054359000019914560652978252619504928589	-0.9047812594
ECs5382	0.9983229585603089484280303622654173523187637	-1.4214685687
ECs5414	0.9757207584978579983925328633631579577922821	 0.5901082756
ECs5464	0.9992898782506409727233176454319618642330170	 1.2488404068
ECs5540	0.9849731141416859792059312894707545638084412	-1.0489945763
ECs5549	0.9972157974871179719755787118629086762666702	 1.3596499998
ECs5575	0.9942267377303000142063638122635893523693085	 0.8716744747
ECs5596	0.9985709582377619852877614903263747692108154	-1.4581933273
etpC	0.9869834603046220289357393085083458572626114	 0.6215354842
hlyA	0.9995027963476640353590596532740164548158646	 0.9900340136
hlyC	0.9925970748873540472345666785258799791336060	 0.7577928194
lcl|NC_002128.1_gene_28	0.9785921106015720294379889310221187770366669	-0.6803587869
lcl|NC_002128.1_gene_30	0.9767400110872670460082645149668678641319275	-0.7115002690
lcl|NC_002128.1_gene_41	0.9848654128737079904709617039770819246768951	 0.6297851013
lcl|NC_002128.1_gene_60	0.9888621345410419927191014721756801009178162	 0.6583708634
lcl|NC_002128.1_gene_78	0.9903640453714259717088452816824428737163544	 0.7531447025
nikB	0.9970943426224500027998942641715984791517258	 0.8213556919
toxB	0.9979389555169669856482528302876744419336319	 0.7927750555
